Day-Month,PositionNoLeap,A2_RSSI,A1_ratio,A2_ratio,CurrentVelocity,AreaNumber,Track,DisruptionCode,EventCode
2020-01-22,97437.0,1.3790326532535186,0.9999937454359697,0.9643951522269446,0.0,9.0,5.0,,
2020-01-23,97431.94582783642,1.2857855101141038,1.0,0.9826871480301245,0.0016215919085312226,9.0,5.0,,
2020-01-26,97433.0,1.1879304029304028,1.0,0.9787861403737178,0.0,9.0,5.0,,
2020-01-28,100507.18287749696,2.494125438533566,0.9999992505378865,0.9999783711481915,1.1711892317605785,9.0,5.0,,1698873080.0
2020-01-29,233595.6833418214,2.395962313068316,0.9996056590318952,0.9994564701585811,15.215762303810362,9.0,4.0,,
2020-01-30,234288.2782699696,2.08657305464809,0.9992710620496753,0.9818385099473528,5.823327025632204,40.0,4.0,,
2020-01-31,284582.8183948908,2.3920210155425403,0.9989595731154116,0.9981844794036304,19.967989051783803,20.0,52.0,,
2020-02-01,403187.4965821054,2.21862023393669,0.9999560039690253,0.9999879302081481,1.2715175451921616,40.0,2.0,,
2020-02-02,242823.97140113116,2.380560848819212,0.9995295742270539,0.9996139517922759,18.779593578974648,20.0,51.0,,
2020-02-03,291668.27831884666,2.331243934792348,0.9988001403581076,0.9989088827280899,15.187419276014941,33.0,1.0,,1698873080.0
2020-02-04,160387.5989231575,1.7087385367290182,0.994074382327902,0.9991885578476422,10.10350846570082,9.0,4.0,,
2020-02-05,193403.43743417016,2.0902559116620743,0.9941024628776381,0.9988877022324661,16.907820873409957,20.0,13.0,,
2020-02-06,124880.81721851611,1.2752965343314624,0.9797177123705684,0.9987899716759762,5.238020663846404,9.0,1.0,,
2020-02-07,160957.3689300217,2.095556898668306,0.9211008081572398,0.9987666560634348,0.06182212581344902,9.0,100.0,,
2020-02-08,206213.91483639623,2.036770374665866,0.9985950298609825,0.9980001924509297,19.275743873017547,20.0,13.0,,
2020-02-09,97455.0,0.9510671794256487,0.9256336827132696,0.9981679106064958,0.0,9.0,2.0,,
2020-02-10,214665.49395462396,2.1008184309296882,0.998669381997862,0.9987837087273806,20.14464747211075,9.0,2.0,,
2020-02-11,259776.6223830447,2.351263484376324,0.9978240179060908,0.9970757288111459,22.201139965447346,40.0,3.0,,
2020-02-12,310957.14146652,2.3534324903055968,0.998371202164123,0.9984152318698313,10.119347184443544,29.0,2.0,,
2020-02-13,203181.24900170145,2.4068792897902007,0.9986209426588275,0.9988957850597284,17.99905089297082,9.0,3.0,,
2020-02-14,285248.9365478411,2.3712748357791558,0.9982074919487817,0.9990307098479071,18.93224973064402,40.0,3.0,960862258.0,
2020-02-15,286553.31280312064,2.3244938826054318,0.9991159294187311,0.9993193550699406,19.110275138032016,33.0,1.0,,
2020-02-16,100181.32081761151,2.610995624902603,0.9993215877903324,0.9993760580486486,0.9172318803676011,11.0,2.0,,
2020-02-17,232956.63542920642,2.2906653393823153,0.9993998261145458,0.9994675872142894,15.230438003518845,9.0,1.0,960862258.0,960861952.0
2020-02-18,389589.9431699808,2.2753861200512273,0.9993084431484645,0.9993941651520731,5.595928146484872,40.0,4.0,,
2020-02-19,271726.42343304015,2.0897088854325343,0.9992453998813873,0.9993797850720778,15.143666024644373,40.0,2.0,,
2020-02-20,202322.45582601248,1.995115686887479,0.9980657486892747,0.9991304369371188,17.981723902450316,9.0,1.0,,
2020-02-21,285208.326411316,2.3778672546909565,0.9982009983445901,0.9990452074960573,18.899237189059047,40.0,3.0,,
2020-02-22,286808.49620344007,2.3311183647010667,0.9983316184736336,0.999062149106391,19.133655114938538,29.0,3.0,,
2020-02-23,100181.26590351405,2.61101254688009,0.9984792389884605,0.9991135805548982,0.9170216213713598,11.0,2.0,,
2020-02-24,233245.07361451918,2.4551246585486273,0.9986083054048658,0.9991642094512878,15.23410806055836,9.0,1.0,,1698873074.0
2020-02-25,389981.05938118557,2.295034552212314,0.9987037299872251,0.9991583102523045,5.599495317799308,40.0,4.0,,
2020-02-26,237485.16737504967,2.3118488194281235,0.9988767804465883,0.9993553170060453,7.629886939665033,40.0,2.0,960862258.0,
2020-02-27,198658.5965945921,2.2560181498282437,0.9983180211039848,0.9991675520134,17.847497453467913,20.0,13.0,960862258.0,
2020-02-28,310679.3772425288,2.3811168082592715,0.9985188022696262,0.9990512712077445,10.091159517581426,29.0,2.0,,
2020-02-29,99002.03721280166,2.48426170495995,0.9989522412268391,0.9992665562431192,0.0017246368424098616,9.0,3.0,,
2020-03-01,98990.42906085789,2.48264809370593,0.9992227485214673,0.9994570017033488,0.002766267737679113,9.0,3.0,,
2020-03-02,249473.4497957105,2.3789756588779576,0.9993135279965427,0.999493030014847,15.128349363982545,9.0,3.0,,
2020-03-03,327040.7032651597,2.3244229545027904,0.999318659090539,0.9994189091303575,6.86692824982349,40.0,2.0,,
2020-03-04,233409.9194504248,2.4475470518779647,0.9993321565449612,0.9993263672369326,15.204956362710373,9.0,1.0,,
2020-03-05,390072.689163069,2.2944132455259365,0.9993174481179332,0.9992815221993724,5.585585481313442,40.0,4.0,960862258.0,
2020-03-06,390680.23487456085,2.2231705759201783,0.9993052538639188,0.9992814154678645,4.275895106632128,40.0,2.0,,
2020-03-07,279650.37892311683,2.387426191238378,0.9991999985586253,0.9990597419505324,20.657954562792757,20.0,52.0,,
2020-03-08,427583.0,2.437771681885278,0.9996215331425037,0.9995369263469732,0.0,40.0,4.0,,
2020-03-09,355600.1683006725,2.32265796997466,0.9997376546971186,0.9995924175947457,10.345062678689246,40.0,4.0,,
2020-03-10,284965.6130144914,2.3673843696466386,0.9995879478841038,0.9993444133031772,18.936779480531506,40.0,3.0,960862258.0,
2020-03-11,311235.66477989603,2.3806000625065127,0.9994026044558465,0.9992667487108506,10.078156289428296,33.0,1.0,,1698873080.0
2020-03-12,183020.68433723782,2.3718477707301475,0.9994172618498354,0.9992789099119058,14.22254502523265,9.0,4.0,,
2020-03-13,123071.11618193857,1.925485534557133,0.984334308715284,0.9993132335008937,4.527988590638211,20.0,13.0,,
2020-03-15,234335.6116439145,2.3556802603531373,0.9980163231204746,0.9993369007401703,18.065074016473705,9.0,3.0,,
2020-03-16,130569.34983091787,1.7678995169076135,0.9885577435620535,0.9972561423000985,5.967053140096619,11.0,1.0,,
2020-03-17,159387.3978513107,1.714066179630494,0.8476042346407963,0.9729067579924833,7.958482667660636,9.0,100.0,,
2020-03-18,281427.1508553655,2.4052400855372227,0.9994297760247319,0.9979832773568066,20.615782141005702,20.0,52.0,,
2020-03-19,347925.18207686127,2.298912861542737,0.9998262611704355,0.9992496298173116,9.95438796176958,40.0,2.0,,
2020-03-20,235811.1698494383,2.3342124517125495,0.9994009738513641,0.9992770813613331,17.931448695723393,9.0,1.0,,
2020-03-21,297973.66648930666,2.348122201038965,0.9993298237530346,0.9994857954144806,20.137232297255355,40.0,4.0,,
2020-03-22,428060.0,2.206892572317261,0.9996121875631738,0.9996121612252739,0.0,40.0,2.0,,
2020-03-23,289060.70467988565,2.377555763912043,0.9997057243364791,0.9996337205380442,14.70455255755808,40.0,2.0,,
2020-03-24,220005.65193939322,2.3732514208337645,0.9995307233401091,0.9993539214939018,15.553945342793977,20.0,13.0,,
2020-03-25,288628.71229988645,2.372701271923999,0.99914405522317,0.9983770172204508,14.717732780390612,40.0,2.0,,
2020-03-26,233956.37865011478,2.380925016351954,0.9987152760275455,0.9985408463453362,17.204047347294715,20.0,13.0,960862258.0,
2020-03-27,259614.16434006603,2.416310216528728,0.9992275924167012,0.9986561496077203,17.777709394058075,40.0,2.0,960862258.0,
2020-03-28,232709.57242911277,2.409370704299762,0.9989092404610075,0.9980594461954062,17.5313704734648,20.0,13.0,960862258.0,
2020-03-29,244803.21385571756,2.3969446978098903,0.9993340769175976,0.9986123434596926,17.17062150063848,40.0,2.0,960862258.0,
2020-03-30,254459.3343367827,2.403110334633322,0.9968864182568519,0.9982522702175334,18.08532455315146,33.0,1.0,,
2020-03-31,207756.55635424986,2.4683670752754208,0.9984802003549736,0.9986002432820359,14.697618964938478,9.0,1.0,,
2020-04-01,265624.66967339424,2.3950513022900397,0.9990629000776298,0.9987584069168213,16.851680635421758,33.0,1.0,,
2020-04-02,218268.93695667293,2.3667916174059687,0.9991609384788377,0.9986541809748459,15.137260356538471,9.0,1.0,,
2020-04-03,261367.9835848484,2.428482633046238,0.999371382605185,0.9985095212929723,17.53345104422435,40.0,2.0,960862258.0,
2020-04-04,246473.35940760685,2.3769489060929296,0.9991804363127968,0.998195230729198,14.877112652346643,20.0,13.0,,
2020-04-05,259351.49522386392,2.412833002821293,0.9990583322902259,0.9988697767435244,17.757338770494094,40.0,2.0,960862258.0,
2020-04-06,244891.99854704435,2.421166029635239,0.9989338924610635,0.9979763083533626,18.281572333630034,20.0,13.0,960862258.0,
2020-04-07,239651.14508946537,2.410300319231801,0.9990513875887548,0.9984372048191107,17.247702606619175,33.0,1.0,960862258.0,
2020-04-08,123901.77079585822,2.439400045348068,0.9992987236742592,0.9991828503784511,13.663834649972674,20.0,13.0,,
2020-04-09,233092.2708538507,2.36031859365761,0.9977688558984674,0.9992251343227588,17.584230361849396,9.0,3.0,,
2020-04-10,227164.48012846246,2.2893011765434066,0.9884122234663864,0.9983211613658185,17.93085878392984,9.0,1.0,960862258.0,
2020-04-11,240671.20751615622,2.404713824108428,0.9970386741019329,0.9859629339397166,15.56565543018534,33.0,1.0,,
2020-04-12,238406.641143846,2.401079873473502,0.998025419729712,0.9990865533212999,18.628949197747165,9.0,1.0,960862258.0,
2020-04-13,427453.1034482759,2.4687989590110297,1.0,1.0,0.12817176317501627,40.0,4.0,,
2020-04-14,251536.98128058203,2.3630960275558603,0.9978449227996742,0.9927854990802862,17.35961241308267,40.0,3.0,,
2020-04-15,244541.88971137616,2.337938401084853,0.9980235809680958,0.9961376266112751,18.194509782217672,9.0,1.0,960862258.0,
2020-04-16,245172.007533528,2.385749118349611,0.9897298830374717,0.9979577717433348,16.41773159910508,20.0,13.0,960862258.0,
2020-04-17,174394.57821567237,2.143782407214187,0.9871617097542141,0.9821144553048313,10.056610862939925,9.0,1.0,,
2020-04-21,100303.0,0.9019475806451637,0.28903953997695686,,0.0,9.0,100.0,,
2020-04-23,99620.29184498335,1.0442891107940933,0.6178353196965619,0.9189883791126815,0.31419400855920115,9.0,100.0,,
2020-04-24,233858.3826142509,2.293924644916042,0.96218026898235,0.9930048062584024,17.634218814999702,9.0,1.0,,
2020-04-25,268039.17838960735,2.4212260811050976,0.9990709776370581,0.9969485533939038,15.635891509157938,9.0,1.0,960862258.0,
2020-04-26,260008.56830302777,2.4158685031986877,0.9993799109163872,0.9980540208495355,17.797743529444702,40.0,2.0,,
2020-04-27,232130.30836314562,2.3574806167010016,0.9994666680798434,0.9939451885850413,17.091448432148905,20.0,13.0,,
2020-04-28,274179.3498706487,2.3869649932870716,0.9927278321327471,0.9990003104393896,15.632565173082613,40.0,2.0,,
2020-05-01,427356.95932329894,2.311225276775697,1.0,0.9999975374944353,0.12601069784799104,40.0,4.0,,
2020-05-03,427509.76840039255,2.4450049067713575,1.0,1.0,0.0,40.0,3.0,,
2020-05-04,245460.67836461312,2.3840276285495174,0.9983727806494143,0.9995192506979713,17.181594920812113,40.0,3.0,,
2020-05-05,250392.93439073514,2.3453298086606114,0.9955723206348402,0.9981939971207203,16.25602970795569,33.0,1.0,960862258.0,960861952.0
2020-05-06,247252.447513739,2.4262827252865105,0.9971287095483199,0.9977371752461233,18.48992915314838,20.0,13.0,,
2020-05-07,238675.7637657568,2.4376550119054787,0.9992695511966521,0.9979246300459047,17.34251274669393,33.0,1.0,,
2020-05-08,243978.49772916018,2.431492525693167,0.9992626495294774,0.9979348368446079,18.076546766324093,20.0,13.0,,
2020-05-09,265650.0862235455,2.399646871060403,0.9996038353911363,0.9994483032091038,17.600775193798448,29.0,2.0,,
2020-05-10,232860.26772625983,2.363586731817652,0.999033417855441,0.999161514099031,18.029049319408273,20.0,13.0,,
2020-05-11,325223.01889830286,2.392434080291495,0.9990097160894789,0.9978960404515976,17.113812125531187,40.0,1.0,,
2020-05-12,379632.98559197545,2.252607392460759,0.9991182146060622,0.9993384122370946,7.177837460863888,40.0,4.0,960862258.0,
2020-05-13,357754.2880601596,2.354651626764146,0.9991179905907346,0.9988835343719594,12.760784642000111,40.0,2.0,,
2020-05-14,298731.0846412868,2.230336728446192,0.9980534355699092,0.9983135899598721,11.607107559960467,40.0,1.0,,
2020-05-15,222871.98487600643,2.279263896940278,0.9986005708355743,0.9882785381793291,21.52583574879227,9.0,3.0,,
2020-05-16,264179.7654198897,2.3730953574381974,0.9995056338744319,0.9994087061513909,22.56698321524852,33.0,1.0,,
2020-05-17,269440.2613206396,2.3830215495615064,0.9995938072813116,0.999501260097004,16.64697506001058,33.0,1.0,,
2020-05-18,367713.96426970116,2.2851036657960244,0.999579060245299,0.9986955047926882,10.025448754618964,40.0,2.0,,
2020-05-19,379462.0321571535,2.272598072646492,0.9996789123638355,0.9990048453759338,7.179154929577464,40.0,4.0,,
2020-05-20,181946.6146152567,1.5493664029644,0.9998316658426111,0.907443513123349,2.9303447128976314,40.0,2.0,960862258.0,
2020-05-25,167704.2859625989,1.9992933349318258,0.9044659117527786,0.9779877011604012,8.317967930466057,9.0,100.0,,
2020-05-26,279895.71219551936,2.41976146639572,0.9990860769390795,0.9974796441067224,20.748236252545826,20.0,52.0,,
2020-05-28,334465.7278295376,2.340626869104858,0.9993999884363294,0.9985612692586232,13.91126063952151,40.0,4.0,960862258.0,
2020-05-29,250464.61078404402,2.2734121045396014,0.9972019861136151,0.9991955398568083,7.881203595154357,40.0,2.0,,
2020-05-30,248784.17169228898,2.3919704088923983,0.998781573963282,0.9986868382113568,24.656508979213235,20.0,52.0,960862258.0,
2020-05-31,98148.9620945682,2.5833724110980545,0.9989704721016911,0.9989188076543967,0.5980459208597948,11.0,2.0,,
2020-06-01,234456.47544594653,2.394716739371495,0.998850086882703,0.9990722446253926,18.07532501187751,9.0,1.0,960862258.0,
2020-06-02,173413.63206054078,1.7207426618257202,0.9440241298004802,0.9994301956342502,9.566346141057867,11.0,2.0,960862258.0,
2020-06-03,196788.70693582593,2.10017374911596,0.9976291038469322,0.999515934782972,10.036085146492812,40.0,3.0,,
2020-06-04,206751.31461954335,2.223735981412909,0.9982239539479071,0.9986566566970618,16.114494437245877,20.0,52.0,960862258.0,
2020-06-05,190008.6961905868,2.2270385586944577,0.9975226239239787,0.9990542169499603,13.017310485042115,20.0,13.0,,
2020-06-06,427517.0,2.4470764617691363,0.9981727477591072,0.9992035212105655,0.0,40.0,4.0,,
2020-06-07,427958.5776031434,2.2236738703340055,1.0,1.0,0.003929273084479371,40.0,4.0,,
2020-06-08,354176.4311192738,2.305062232477139,0.9996440953901572,0.9992181960064113,9.094365684101879,40.0,4.0,,960861952.0
2020-06-09,190752.51881253166,2.2675549867918163,0.9958449912188593,0.9830335303536349,16.294116036844915,9.0,1.0,,1698873079.0
2020-06-10,141538.54179496126,1.5625481957863507,0.9951992487235565,0.9983635891729058,8.417722094980965,9.0,2.0,,
2020-06-11,168521.90222449502,1.6460641779594918,0.9437895995427164,0.9951376552871847,10.845410380976732,9.0,1.0,,
2020-06-12,280199.17087637185,2.3244215353991473,0.995825851108566,0.9945986111634201,19.538734667527436,20.0,13.0,,
2020-06-13,300725.7173454346,2.3180272856043134,0.9995403773632692,0.9993022727072336,19.701534815157384,40.0,4.0,,
2020-06-14,428045.0,2.2193162393162504,1.0,1.0,0.0,40.0,2.0,,
2020-06-15,242521.5510863557,2.098096432671937,0.9978758081271053,0.9982722068397293,18.555380755984523,40.0,2.0,,
2020-06-17,254351.68141018404,2.317208563847522,0.9983239668476708,0.9989864355734379,22.701168567234955,40.0,3.0,960862258.0,
2020-06-18,190824.51548526637,1.8232153211336652,0.9503214354251698,0.9979747713874515,12.788122964843534,33.0,1.0,960862258.0,1698873074.0
2020-06-19,285316.5728941176,2.3663071372554407,0.9988115203142961,0.9968915025845447,19.97982745098039,20.0,52.0,,
2020-06-20,342616.10936685774,2.3148286868160994,0.9994057550640345,0.9998568972989726,5.443264721208963,40.0,2.0,,
2020-06-21,240999.04946308522,2.289118273354677,0.9993163430900717,0.9984521794365884,18.576339244973077,20.0,53.0,,
2020-06-22,167372.95642231684,2.038739705144387,0.9865398595683778,0.9988873998604674,9.682555912918998,11.0,2.0,,
2020-06-23,281688.02853657753,2.3752192405229726,0.9992495358530671,0.9974830794017617,20.438769941899658,20.0,52.0,,
2020-06-24,346398.571653988,2.2133074776601274,0.9992438762703669,0.9985157936576206,9.88868219114374,40.0,2.0,,
2020-06-25,231059.72714851375,2.406749623556828,0.9993480134836427,0.9961182783553328,18.369611287714015,9.0,1.0,,
2020-06-26,382151.43335803883,2.2827769931055513,0.99960175140923,0.9990969957886497,6.775370932330196,40.0,4.0,,
2020-06-27,335997.46271139453,2.3405073468260014,0.999948904030598,0.9996969588743913,3.866179936232152,40.0,2.0,,
2020-06-28,242380.5337554027,2.273426066841104,0.9994271543913761,0.9947011677157543,18.779600657454193,20.0,53.0,,
2020-06-29,324545.23576327,2.3751729554997434,0.9990365859122888,0.9992217673519636,12.63646113410471,29.0,1.0,,
2020-06-30,200959.70037943215,2.0026835012429904,0.9592873357008217,0.9971360089557106,13.505233547036504,20.0,52.0,,
2020-07-01,199302.40279391638,1.975956051333878,0.8437759936441006,0.9989514010770424,13.564412425439615,9.0,100.0,,
2020-07-02,254530.98046856804,2.225858032262633,0.9985988309102557,0.9985213840962599,20.328758403328727,40.0,1.0,,
2020-07-03,209012.95935222882,2.1518815963486126,0.9894272575688943,0.9981389356579818,19.951546819490186,9.0,1.0,,
2020-07-04,263859.13192814373,2.3433764471059204,0.9992071998887474,0.9987780941983374,22.840750499001995,20.0,53.0,,1698873074.0
2020-07-05,243282.2756257631,2.282134157508655,0.9992728447974649,0.999285589526429,18.867872405372406,20.0,53.0,,1698873074.0
2020-07-06,256056.30046221017,2.334832208750258,0.9993048614366017,0.9990441393714573,20.1716195280591,33.0,1.0,960862258.0,
2020-07-07,242868.91355723137,2.3564228645118193,0.9989588073977689,0.9980652518958818,21.32233466961958,38.0,2.0,960862258.0,
2020-07-08,243572.52242077343,2.3590355996091414,0.9992275871086833,0.9982247168535632,21.236772302108054,38.0,2.0,960862258.0,
2020-07-09,243570.07907966783,2.354865633183371,0.9990675862273454,0.9983874225152317,21.279502583707934,38.0,2.0,960862258.0,
2020-07-10,247372.13317941647,2.3606435068252316,0.9991026257979312,0.9985990950563448,21.394926862526344,38.0,2.0,960862258.0,
2020-07-12,211729.38084941145,2.298896891988589,0.9994993466658818,0.9993318234684387,18.08253513834534,20.0,53.0,,
2020-07-13,246211.08650897077,2.3313260672116667,0.9992531647327859,0.9988196420565434,20.840040016322448,20.0,12.0,,
2020-07-14,241919.33100655556,2.358791113879976,0.9991617441026391,0.9981761529982925,21.530731873079702,38.0,2.0,960862258.0,
2020-07-15,171392.94215542742,2.271599539872979,0.9891030216322739,0.9984000792593818,9.12051450596074,38.0,2.0,,1698873079.0
2020-07-16,158064.79024913715,2.4560657211636903,0.9969227457966799,0.9985764047398229,8.445880100931001,38.0,2.0,,
2020-07-17,243724.96111827166,2.3349604124470016,0.9994823719520664,0.9988580874823565,21.39701098631314,29.0,2.0,,
2020-07-19,202866.0231145002,2.5622542595021254,1.0,1.0,0.03491004408435601,20.0,53.0,,
2020-07-20,218579.8758422557,2.3766148355471626,0.99938560537626,0.9977822065324335,22.059872347357352,20.0,53.0,960862258.0,
2020-07-21,186913.37881623005,2.196750787866877,0.9963608805189129,0.9993014731640192,15.092968288359268,11.0,2.0,,
2020-07-22,167565.43738259678,1.6498148383546904,0.9853190855161615,0.9981898889238009,8.570131209129556,38.0,2.0,,
2020-07-23,229148.44619602468,2.3443987696217574,0.9987476447678826,0.9969971802071336,21.473946404988382,38.0,2.0,,
2020-07-24,129435.03573016844,1.4607451776084501,0.9700437567401116,0.9983997578938676,5.566262716104286,9.0,3.0,,
2020-07-25,97584.0,0.9719558359621473,0.9712614692382074,0.9985399498387656,0.0,9.0,1.0,,
2020-07-26,97584.0,0.07690240452616576,0.7891710578229568,,0.0,9.0,1.0,,
2020-07-27,176837.59121276537,2.169539519089657,0.9817909392105053,0.9879936449119823,0.5264610882588411,9.0,1.0,,
2020-07-28,236539.76384956343,2.36525979512842,0.9991191063819196,0.9975729096693148,23.138414100834606,20.0,51.0,,1698873074.0
2020-07-29,212762.35233089328,1.9238598712097619,0.992700832310767,0.995353156268875,13.368512301172327,20.0,13.0,,1698873080.0
2020-07-30,139884.24417280525,2.4048161987112193,0.999163211693543,0.9999126833657039,5.989555531831607,9.0,4.0,,1698873080.0
2020-07-31,221049.6379061097,2.484879707829447,0.9994868286710902,0.9980526586460473,4.237540896294606,33.0,1.0,,
2020-08-01,202483.0,2.520249110320284,1.0,1.0,0.0,20.0,51.0,,
2020-08-02,202483.0,2.5062428687856544,1.0,1.0,0.0,20.0,51.0,,
2020-08-03,239148.326354414,2.3330148623225053,0.999436940712223,0.998752110405094,20.490749591440288,20.0,51.0,,
2020-08-04,166953.12379771296,1.9839962795795123,0.9969824040009871,0.9993838517006702,8.272340548257315,38.0,2.0,,
2020-08-05,247312.66248403335,2.34649921105916,0.9994689849401052,0.9982898729077089,20.897497933729056,38.0,2.0,,
2020-08-06,217903.5533961244,2.3433955553024766,0.9994073480336582,0.9989556769396415,20.983026491762228,38.0,2.0,,
2020-08-07,147610.0598986064,2.4541911662564733,0.9993232593237522,0.9991368088653898,8.379531459789805,20.0,13.0,,
2020-08-08,243348.03607094949,2.3531210314505575,0.9993315527582681,0.999077450925538,20.93547473543002,33.0,1.0,,
2020-08-09,211958.61004213378,2.292891106277527,0.9993350724195781,0.9989245740844053,18.06222715726389,20.0,51.0,,
2020-08-10,267493.4060495645,2.3542725049286535,0.998275786387039,0.998501933771925,21.341847812523397,20.0,12.0,,
2020-08-11,170712.82342958337,1.8467918982732077,0.9930773413578706,0.9603615055344928,13.617836588125337,11.0,1.0,960862258.0,
2020-08-12,97843.68838550246,1.150991350906162,0.9865561682003992,0.9953978951077614,0.1487644151565074,9.0,1.0,,
2020-08-13,100273.0,0.9806916192026115,0.5215192034587599,,0.0,9.0,100.0,,
2020-08-14,163424.9106380467,2.151834261317717,0.9065504713920863,0.9985462249711742,10.46435949396974,9.0,100.0,,
2020-08-15,212579.37601102813,2.1338113122616913,0.9989833981154497,0.9985736024826338,20.483929048684082,20.0,13.0,,
2020-08-16,97589.0,1.0058908507223154,0.6901016223132758,,0.0,9.0,1.0,,
2020-08-17,211901.04402220758,2.03272663894924,0.9942439746180021,0.9953075267332776,19.617160168331388,9.0,1.0,,
2020-08-18,278542.9210153817,2.2819571576856257,0.9958714844763271,0.9961932580514407,17.43303360789442,40.0,3.0,960862258.0,
2020-08-19,294506.87232536613,2.371808950835496,0.9984511482680698,0.9974014441657681,20.801260412696685,40.0,3.0,,
2020-08-20,250499.28853875698,2.3319393040034533,0.9956965316261166,0.995608072498325,22.228177374301676,40.0,3.0,960862258.0,
2020-08-21,253782.40277387688,2.241701641054909,0.9908636129566664,0.9986825398065775,18.373655913978496,11.0,2.0,,
2020-08-22,409376.09527355776,2.202272366199804,0.9999596194036772,0.9999886077235647,,40.0,2.0,,
2020-08-23,239787.54841480436,2.294193904627245,0.9994580230043876,0.9991502094753834,,20.0,51.0,,1698873074.0
2020-08-24,215341.81336676874,2.2901548926971773,0.9991006311964582,0.9985971868869745,,11.0,2.0,,
2020-08-25,316079.7998315671,2.243324303459855,0.9997501501489823,0.9980569135978871,,40.0,4.0,,
2020-08-26,98823.96148673432,1.687072293155304,0.8714208358547603,0.9989934858277277,,9.0,1.0,,
2020-08-27,99004.93123117191,2.4681433651047158,1.0,1.0,,9.0,3.0,,
2020-08-28,160063.55996288877,1.9874016753837773,0.9980644176467617,0.9485245694167298,,9.0,5.0,,
2020-08-29,203430.8699056543,2.111411205955547,0.9991328110045326,0.9933783351730217,,20.0,13.0,,
2020-08-30,97875.0,1.1900227014755944,1.0,0.7362164462750904,,9.0,2.0,,
2020-09-01,167052.05589401914,2.111023513857169,0.9937594929179073,0.9984982615382805,,9.0,4.0,,
2020-09-02,221447.0196559146,1.8614483230471184,0.8608613766209331,0.9603515551012414,,40.0,1.0,960862258.0,
2020-09-03,258032.48908796342,2.2312198608593508,0.9983832764573278,0.9982926121594524,,40.0,1.0,960862258.0,
2020-09-04,151821.2022334294,1.7150295389051406,0.9443718044512608,0.7734031987376875,,9.0,1.0,,
2020-09-05,320799.454453555,2.3632640682916097,0.9900339123056568,0.9992022286228297,13.258339885431877,29.0,1.0,,
2020-09-06,405620.9520865533,2.216657650695481,0.9989993967044806,0.9984633629343198,14.578438948995363,33.0,1.0,,
2020-09-09,401301.0387531592,2.396074136478514,0.9994628398010134,0.9978002980287857,16.338668913226623,29.0,1.0,,
2020-09-10,359751.21428571426,2.41766940451743,0.9375055958873922,0.9970198371389385,12.004106776180699,20.0,13.0,,
2020-09-12,143199.0988228853,2.419238981658914,0.9710338774739435,0.9983250090530648,10.061045715849986,20.0,13.0,,
2020-09-13,97583.0,0.9526261058513357,0.95785009374772,0.99836705447546,0.0,9.0,1.0,,
2020-09-16,268781.58191926597,2.3167708102390776,0.99896270356545,0.9979873259292037,22.154441734740864,40.0,1.0,960862258.0,
2020-09-17,168811.88808351744,2.1037704303785945,0.997267565576839,0.9979738373749734,10.991391882758865,9.0,1.0,,
2020-09-18,251487.80522069876,2.1851372657278785,0.9973818223787758,0.9980280788043397,19.997684120119015,40.0,1.0,960862258.0,
2020-09-19,201557.26896414568,2.2905494630373138,0.993659183524601,0.9969905539746581,21.625759986362862,9.0,1.0,,
2020-09-20,285308.0290977281,2.2746782156115066,0.998588978900342,0.9985647650656607,15.806750774961412,11.0,1.0,960862258.0,
2020-09-21,316157.02787741844,2.281614178788369,0.9997172692422779,0.9980532891926037,10.43354046038695,40.0,2.0,960862258.0,
2020-09-22,299986.3824807288,2.3191483723010755,0.9997407625464888,0.9988729590192024,11.253373256036186,9.0,1.0,960862258.0,
2020-09-23,270431.1591630471,2.3808273471439345,0.9980839864882824,0.9970945680007689,17.3843133979285,33.0,1.0,,
2020-09-24,224128.50251188662,2.1648800125592054,0.997269920020774,0.9974672126515927,17.875704225352113,20.0,52.0,,
2020-09-25,322240.8816364581,2.2021426169874663,0.9996561603028383,0.9988193205589387,,40.0,1.0,,
2020-09-26,270565.92625013983,2.2167855744484695,0.9987368006731173,0.979908808680967,,9.0,2.0,,
2020-09-27,136975.30257217848,1.715409973753249,0.9993555741727153,0.9830390703587537,,29.0,1.0,,
2020-09-28,189954.5396245729,1.8853297090920142,0.9984422855192242,0.9873789332769697,,9.0,2.0,960862258.0,1698873074.0
2020-09-29,161176.28080686438,1.8443119072706573,0.9762974478430796,0.9977772549054137,,9.0,2.0,960862258.0,
2020-09-30,247624.8409082138,2.280348491669694,0.9981820025489332,0.9961332599757212,,20.0,13.0,960862258.0,
2020-10-01,299463.4564861884,2.331691999544269,0.999598764170892,0.9992907186104701,,9.0,1.0,,
2020-10-02,318029.74680749397,2.3222681210761165,0.9991558707945934,0.9961831719155334,,33.0,1.0,,
2020-10-03,258671.02798935873,2.132930551665496,0.960417329124862,0.9988623788714003,,9.0,2.0,,
2020-10-04,97468.0,0.9529414279607372,0.9976347458272199,0.9990776155320827,,9.0,2.0,,
2020-10-05,182152.4104255894,1.9804506694461184,0.905034538831372,0.9973077486893169,,9.0,2.0,,1698873074.0
2020-10-06,277409.09295461647,2.331290322580038,0.9972774555760104,0.9979875002856069,19.30570859762026,25.0,2.0,,1698873074.0
2020-10-07,255643.28912881197,2.300947219994273,0.9981445098866067,0.9977448843504522,22.329550167270316,40.0,3.0,960862258.0,
2020-10-08,182206.1862291218,1.943701254193287,0.9566342987287672,0.9988066039424285,13.901816957468045,11.0,2.0,,
2020-10-09,204762.0904224784,1.835216669511237,0.9469110777461521,0.9985988268507151,9.929762772873257,20.0,13.0,,
2020-10-10,248938.35848625947,2.2980930643044664,0.9993032796381208,0.9990633267492915,24.64175720502754,20.0,51.0,,1698873074.0
2020-10-11,113776.9160149886,1.970072499185358,0.9993521571322718,0.9989243965985078,6.440615835777126,11.0,1.0,,
2020-10-12,276590.1968322399,2.2981688847240775,0.9997603360877589,0.9987518674834629,6.674732895970009,9.0,1.0,,
2020-10-13,300938.19250345003,2.3704472407289745,0.9994950391446489,0.9982288843379191,12.344155747800151,40.0,2.0,,
2020-10-14,218925.8771698289,2.3006777318879084,0.9985290751617989,0.9987880700388857,21.817066732913084,9.0,3.0,,
2020-10-15,197888.08066393482,1.935675813575018,0.9934451389262595,0.987945938579681,18.478243538434555,9.0,1.0,,
2020-10-16,182738.09671610323,1.827905362868288,0.9904572139678514,0.9986400126756876,15.097682385839567,9.0,1.0,,
2020-10-17,262904.4478782917,2.279377677717794,0.9992278947906128,0.9991550476256253,22.6534725064811,33.0,1.0,,
2020-10-18,263682.58273077087,2.2475508478159165,0.9994830365619756,0.9994582006708882,17.25062370501924,33.0,1.0,,
2020-10-19,341823.7568993308,2.274596297563587,0.9996965833456047,0.9982642120995127,9.654862501831682,40.0,2.0,,
2020-10-20,157599.3246123653,1.7791266035006605,0.9075438574186431,0.999158042042623,9.758594247540323,9.0,1.0,,
2020-10-21,138614.8875534251,1.9086146071926653,0.9901457495995803,0.9942797008305392,8.3750974048974,20.0,13.0,,
2020-10-22,146020.4094084636,1.4951566168474528,0.9547529325796298,0.9663674267328318,7.395579224646395,9.0,1.0,,
2020-10-23,281389.70982932084,2.311547523384661,0.9994421062169769,0.9976919386148368,20.39420140786217,20.0,52.0,,1698873074.0
2020-10-24,402580.6963587676,2.2381110529720196,0.9999590736122702,0.9999951901089275,1.2846501892948383,40.0,2.0,,
2020-10-25,185032.7588163259,1.721828370355577,0.9447648781135733,0.9992270070723083,10.486940211746834,20.0,53.0,,
2020-10-26,143520.15761592245,1.5443139021151595,0.9692671727710018,0.9749854537726994,5.997083172478875,9.0,1.0,,1698873079.0
2020-10-27,280465.6569398836,2.3498122378649855,0.9993112273132403,0.9976477970558226,20.636700588483922,20.0,52.0,,
2020-10-28,346618.1370608362,2.2757339564389945,0.9997035217697466,0.998291320062907,9.896670282900777,40.0,2.0,,
2020-10-29,319229.165184125,2.3181372142496066,0.997265292086376,0.9996340721946281,4.768629863962867,9.0,1.0,,
2020-10-30,286035.0560161021,2.3034639920852196,0.9980605651784208,0.9985761147560769,7.385665063282502,40.0,2.0,,1698873079.0
2020-10-31,98943.78177257525,2.443244147157184,1.0,1.0,0.16220735785953178,9.0,3.0,,
2020-11-01,99006.0,2.4704925469864603,1.0,1.0,0.0,9.0,3.0,,
2020-11-03,379093.9999850938,2.2332628268210164,0.9997166210805263,0.99911657807499,7.188355245505769,40.0,4.0,,
2020-11-04,292310.75744989834,2.0916468196327433,0.9983927561194192,0.9991733374166925,12.073758350275922,40.0,2.0,,
2020-11-05,208171.32613717127,2.08918456188393,0.9654146114773029,0.9991306461634639,18.5502208346025,9.0,2.0,,
2020-11-06,200773.1052934048,1.9732996014632953,0.9973418684129166,0.9977749777310708,18.255050410404408,20.0,13.0,,
2020-11-07,243520.92607508344,2.242138719553764,0.9991241308535166,0.9987441211546594,23.544079110694287,9.0,1.0,,
2020-11-08,297534.2042719375,2.415590977922621,0.999571394169078,0.9972127336110085,6.614888021040886,40.0,2.0,,
2020-11-09,280452.8336543484,2.351227800992869,0.9992959437206601,0.997506122535973,20.721010707756594,20.0,52.0,,
2020-11-10,348109.98255145404,2.265443046413246,0.9996776445903142,0.9983547498530827,9.884109657528539,40.0,2.0,,
2020-11-11,156681.9606212999,2.345659430900224,0.9986546536299638,0.9996082030780759,9.542249665796676,9.0,1.0,,
2020-11-12,201445.57087195007,2.117255658532592,0.9974068454189537,0.9954552564988766,18.42287371540256,20.0,13.0,,
2020-11-13,198388.95488157208,1.9523408127680182,0.9969858771380907,0.9846413003904932,17.47139529851981,9.0,1.0,,
2020-11-14,406549.276320737,2.1891306323255044,0.9998786646338235,0.9989204315826087,1.9249545653944977,29.0,3.0,,
2020-11-15,241185.60331861774,2.282036839701209,0.9992431920971475,0.9993299086946871,18.509438270665246,20.0,53.0,,
2020-11-16,205887.8176946233,2.3291776346875386,0.9986372876155825,0.9993171387938827,19.334507755234277,11.0,1.0,,
2020-11-17,156646.32704322648,2.386353558184893,0.9987863922304568,0.9986903761065684,9.521333875146036,9.0,1.0,,
2020-11-18,215906.9921901688,2.1950527134145434,0.9977358845171008,0.999020786895272,19.583723039591014,20.0,13.0,,
2020-11-19,197017.41456982485,2.0572690651299226,0.9983109620122714,0.9987945892011972,17.671670860350336,20.0,13.0,960862258.0,
2020-11-20,197333.54430454574,1.938087722408878,0.9960906347239229,0.9981977707878071,17.277767925755157,9.0,1.0,,
2020-11-21,206584.25885026617,2.021208150938237,0.9959769335533563,0.9984717471074019,19.793420069246373,20.0,53.0,,
2020-11-22,97585.0,0.9500995439493427,0.9213600770742845,0.9985403559840038,0.0,9.0,1.0,,
2020-11-23,143677.6062510313,1.5464121885488198,0.9345383338567707,0.9793476441845612,7.056776304933722,9.0,1.0,,
2020-11-24,203099.6035409491,2.177224940216176,0.9895179206729299,0.9880971627325034,15.743160527412737,20.0,52.0,,1698873074.0
2020-11-25,193310.71198074007,1.887442388044621,0.9924349942226602,0.9957486232535366,16.91846939129831,20.0,13.0,,
2020-11-26,151553.86431771092,1.5346508397669363,0.9792822761674126,0.9962752133552903,8.687046404222563,9.0,1.0,,
2020-11-27,193163.50001157488,2.0586265249886537,0.9803438736793326,0.9972173134585178,16.91480889876612,20.0,13.0,,
2020-11-28,220423.5008565608,2.0013189878684967,0.9851859010945324,0.9975058387345436,19.768149828687843,9.0,1.0,,
2020-11-29,385462.08046761964,2.24123271022827,0.9882499969226629,0.9979062681748277,0.9618496440766248,40.0,2.0,,
2020-11-30,273265.288485578,2.3918851567199213,0.9901907186915535,0.998173917992196,14.695182647344785,20.0,52.0,,
2020-12-01,327511.49576933315,2.26735962404506,0.9915854093713647,0.99818624318164,6.867431389117174,40.0,2.0,,
2020-12-02,142440.17382260048,1.9470471467166341,0.9916353148454168,0.9981921139684428,6.503481779322416,9.0,1.0,,
2020-12-03,170099.66734201353,1.6757885171168092,0.9919163555238082,0.9960086984003171,10.66516699937431,20.0,52.0,,
2020-12-04,193397.16103342903,2.044542781737433,0.9918690404157324,0.9967674581056671,16.9220298175757,20.0,13.0,,960861952.0
2020-12-05,220228.17971571442,1.9992583804051254,0.9823286574676967,0.9969007320823451,19.77649550884341,9.0,1.0,,
2020-12-06,399081.1262805432,2.2193908161883416,0.9874849598521758,0.9978171642995373,1.0359485666629324,40.0,2.0,,
2020-12-07,183633.09464201963,1.8838941988912992,0.9902717046833361,0.9973708674013876,11.558100043666004,20.0,53.0,,
2020-12-08,292693.5877454691,2.341462943997456,0.9983016516872716,0.9971047328444522,18.85284469578899,20.0,52.0,,
2020-12-09,327292.37120203715,2.1037316974363622,0.9991589838961096,0.9972554680415975,6.86768910237861,40.0,2.0,,
2020-12-10,177432.47039009145,1.949843963420696,0.9992137579006081,0.9920205988344521,14.584870934135896,9.0,1.0,,
2020-12-11,197682.71895378424,1.956239777501095,0.998208238007786,0.9932252110704091,17.30469258536008,9.0,1.0,,
2020-12-12,121736.06581388981,1.2317560003651704,0.9349187440282987,0.9993672393642001,4.189973534511605,20.0,53.0,,
2020-12-13,97585.0,0.9827225270273617,0.9488814888439315,0.9993295279520109,0.0,9.0,1.0,,
2020-12-14,144543.07673534463,1.935065121413337,0.9663474099493307,0.9963771058664477,6.290507726269316,9.0,1.0,,
2020-12-15,236758.3601650268,2.410938960866534,0.9995006459800838,0.9974349846358533,17.089058071026816,20.0,52.0,,1698873074.0
2020-12-16,98738.38229056817,2.5029184290726474,0.9998235936203098,0.9989981264683313,0.020511513100715004,9.0,1.0,,1698873080.0
2020-12-17,99000.22628886266,2.482012292520135,1.0,1.0,0.0016204829039053639,9.0,4.0,,
2020-12-18,98995.17640658819,2.481506881025889,1.0,1.0,0.005613620843316319,9.0,4.0,,
2020-12-19,99005.16252097923,2.4800101857743493,1.0,1.0,0.001261647086058221,9.0,4.0,,1698873074.0
2020-12-20,99008.0,2.4815797576191665,1.0,1.0,0.0,9.0,4.0,,
2020-12-21,98995.6493681823,2.4832757317208944,1.0,0.9999996119287683,0.014040393131007668,9.0,4.0,,
2020-12-22,149880.41577904628,1.6768279095324055,0.913822765962598,0.9994042604902396,5.435198807352047,9.0,4.0,,
2020-12-23,293441.09623543074,2.3355916283374767,0.9993449900883765,0.9973387845035704,18.909123386772652,20.0,52.0,,
2020-12-24,390193.5301634335,2.2233638131413116,0.9995553267812015,0.9982396113271323,5.495439603685356,40.0,2.0,,
2020-12-25,428045.0,2.1823265962884073,0.9997157316138259,0.9987584973714371,0.0,40.0,2.0,,
2020-12-26,428045.0,2.1957274316235567,0.9998038462863109,0.9991440471047099,0.0,40.0,2.0,,
2020-12-27,428045.0,2.208985346206276,0.9998497284199769,0.9993457024801746,0.0,40.0,2.0,,
2020-12-28,327854.6397592453,2.0526898547379653,0.9998615240133979,0.9993909853927566,6.875096938480236,40.0,2.0,,
2020-12-29,220858.97248687778,2.141386726037049,0.9994255550312283,0.9986241570171411,21.6747555909351,9.0,2.0,,
2020-12-30,313798.0256502263,2.287832694776596,0.9992834422123708,0.998985122926698,17.02501360063894,29.0,1.0,,
2020-12-31,252293.23577132984,1.7011269148897248,0.9646980073332277,0.998863896834595,2.7288071306656554,40.0,4.0,,960861952.0
2021-01-04,162448.75899716944,1.8471301484603744,0.9113971479501406,0.9911649934370801,9.911174012670172,9.0,100.0,,960861952.0
2021-01-05,192797.6653509584,1.9589137883122385,0.9849089076108198,0.9969363477004015,16.91270025002315,20.0,13.0,,
2021-01-06,233275.05789887952,1.9876218862838801,0.9711171983933395,0.9961030274264948,15.204463376238541,9.0,1.0,,
2021-01-07,286407.9803109048,2.3091536351314104,0.980181892157843,0.997071530147201,19.406236616392533,40.0,4.0,,
2021-01-08,285184.2403291895,2.328015950180455,0.9850467624721975,0.9973367167441782,18.885975877954486,40.0,3.0,,
2021-01-09,288002.7712688381,2.2591967034736835,0.9878238392182818,0.9974685198093272,19.233106465726788,33.0,1.0,,
2021-01-10,292647.04053662997,2.2308250859454173,0.9897056620114396,0.9975500750897337,14.174937204106909,33.0,1.0,,
2021-01-11,352557.9208266386,2.25026317247518,0.9926325696107604,0.9968927469982098,9.615380353482188,40.0,2.0,,
2021-01-14,147877.52671047903,1.7130825132998115,0.9938748449805526,0.9520640368001385,8.958331884511516,20.0,13.0,960862258.0,1698873074.0
2021-01-15,177556.11660127089,1.7880380105788405,0.9953979464240055,0.981307902096446,12.952787712536315,9.0,1.0,960862258.0,
2021-01-16,314626.8711772196,2.201411274452978,0.9972766220028867,0.9926717306036839,17.084743604583863,29.0,2.0,,
2021-01-17,428050.65710218064,2.165312282978464,0.9981478922717444,0.9955137480118385,0.003935367378119357,40.0,2.0,,
2021-01-18,326913.29691189405,2.2933451780177476,0.9985987632198479,0.9966200142377646,6.871081994536784,40.0,2.0,,
2021-01-19,245061.24062735113,2.3132751895364922,0.9987900630394005,0.997063250503118,14.276080791712483,9.0,1.0,960862258.0,
2021-01-20,390098.81704014074,2.2133172832088563,0.9989290038962821,0.9972773249144301,5.495821565813232,40.0,2.0,,
2021-01-21,327171.3174452521,2.298884091856372,0.9990586001230946,0.997490505275689,6.871926941062086,40.0,2.0,,
2021-01-22,197527.46126332605,2.2806513409949885,0.9990502779927317,0.9976461383374959,16.97989373893114,9.0,1.0,,
2021-01-23,201717.5735108212,1.9673719407346635,0.999362266533434,0.9982081518935784,18.489608616504853,20.0,13.0,,
2021-01-24,97456.0,0.9476509006637798,0.998790298520202,0.9987875354108435,0.0,9.0,2.0,,
2021-01-25,151194.4800463727,1.549719088598711,0.9808880987323088,0.9971293172323976,7.626804001129591,9.0,2.0,960862258.0,
2021-01-26,292916.46234368725,2.2841196675243713,0.9990104463543158,0.9977234347515123,18.889372964774804,20.0,52.0,,
2021-01-27,389650.34814514726,2.1859013831824137,0.9993692063661962,0.9984297101336181,5.494183691185833,40.0,2.0,,
2021-01-28,363913.9832397708,2.234685224839084,0.9995193156694024,0.9985720521585346,10.237455871288848,40.0,2.0,,
2021-01-29,247547.14907712475,1.9070459725306206,0.9975807755050619,0.9986696023878304,12.718201249394788,40.0,4.0,960862258.0,
2021-01-30,173201.69860238416,1.6990947794937565,0.8792572881819322,0.9988059028192481,11.136443713664924,9.0,2.0,,
2021-01-31,395520.19707850897,2.2726460745526382,0.9895863785269703,0.9995101636520973,1.018418095656847,40.0,2.0,,
2021-02-01,292160.4186602871,2.314172337960872,0.9991286673548196,0.9968107052430742,18.874825403429522,20.0,53.0,,
2021-02-02,389966.74793962407,2.2486277664611176,0.9994109000586883,0.9981053327094288,5.4978701731641815,40.0,2.0,,
2021-02-03,363436.30751851556,2.2727322798847487,0.9995965378469588,0.9984713566266734,7.958904842116521,40.0,2.0,,
2021-02-04,229998.34877054938,2.339204018546405,0.9989612846899445,0.9991450825965708,18.488323731909514,9.0,3.0,,1698873074.0
2021-02-05,256532.7388408005,2.355981303233863,0.998578039660693,0.9979682477410505,21.982549684924866,40.0,4.0,,
2021-02-06,278047.2164111674,2.331075853407142,0.9994057861489801,0.9991717938211674,20.69951146300749,20.0,53.0,,
2021-02-07,427551.2593250444,2.3081069023920047,1.0,1.0,0.0006815647073402454,40.0,4.0,,
2021-02-08,287352.7075820218,2.3314215567048784,0.999483006367844,0.9992378690492879,19.418765706609225,40.0,4.0,,
2021-02-09,285177.2091513103,2.3182034216118415,0.999219424550553,0.998831410916674,18.8770025002315,40.0,3.0,,
2021-02-10,221772.84941686815,1.4659363888478187,0.99941414509564,0.9986453657047235,2.862715118759778,29.0,1.0,,
2021-02-11,168016.29518955082,2.28361197833659,0.9979270865039866,0.9962219965137957,10.937262397791228,9.0,100.0,,
2021-02-12,184849.4421204931,2.0703725910057016,0.9907153706918916,0.9970286422449085,14.611354823774525,20.0,13.0,,
2021-02-13,201387.554574085,1.9709056575348602,0.9974909607925099,0.9968513520878495,18.35573846597824,20.0,13.0,,
2021-02-14,97465.0,0.191184544992369,0.9971192014576152,0.997501497584912,0.0,9.0,2.0,,
2021-02-15,206924.37213890572,2.0486920527657873,0.9912810022255392,0.9978368297452358,19.060026563849952,9.0,2.0,,
2021-02-16,311024.92805139185,2.320628855835416,0.9954001974912046,0.9984875540269589,10.079587939116847,33.0,1.0,,
2021-02-17,198385.5932146495,2.314750555606287,0.9968292087112728,0.9988899411734341,16.946430225020837,9.0,3.0,,
2021-02-18,193935.5195208056,2.045895711556923,0.9967284328215764,0.9986942938808727,16.915492794721917,20.0,13.0,,
2021-02-19,177353.02184128895,1.7767087596636186,0.9947221837041327,0.998499353383746,14.5896222047317,9.0,1.0,,
2021-02-20,97582.42743382293,0.9841068555621709,0.9728450529658229,0.9984607602051319,0.0008217877935576467,9.0,1.0,,
2021-02-21,97583.0,0.9776160381504451,0.9482949814887514,0.9984562485143028,0.0,9.0,1.0,,
2021-02-22,233221.89664911164,1.9747521268585753,0.938783610621111,0.9984359787388388,15.214885120666706,9.0,1.0,,
2021-02-23,287071.9644543729,2.3531041946381377,0.9463259451110443,0.9983690620618213,19.3609889346729,40.0,4.0,,
2021-02-24,284428.8147852356,2.344386726390258,0.9523993266085479,0.9984034542694624,18.863560077317498,40.0,2.0,,
2021-02-25,310888.60859097383,2.352009306308875,0.9571962040679314,0.9984968646137088,10.149317653050595,29.0,1.0,,
2021-02-26,146649.79693615958,1.851665603701859,0.9578641667222059,0.9988011092376795,6.445519914962796,9.0,3.0,,
2021-02-27,279253.8732668747,2.346362833878021,0.9992963573366195,0.9987388833867175,20.567536717144815,20.0,52.0,,
2021-02-28,427558.0,2.447167031261329,0.999539981821287,0.9993833960482786,0.0,40.0,4.0,,
2021-03-01,399840.4475758258,2.242937763072665,0.9999089900032645,0.9994653155029974,4.143908818485736,40.0,4.0,,
2021-03-02,327762.11923005694,2.325866243809245,0.9998104984580968,0.9988963135671748,6.874959488865225,40.0,2.0,,
2021-03-03,131308.56261999704,2.272794515826357,0.993087590247529,0.998766768566609,5.916088219366908,9.0,1.0,,
2021-03-04,100036.70649558942,1.2773295910184392,0.8996012800982307,0.999423070049534,1.9430633520449079,9.0,100.0,,
2021-03-05,98212.17231409425,1.306183257674221,0.9703487457022263,0.9973432953033674,0.17182771292693472,9.0,5.0,,1698873080.0
2021-03-07,97466.0,0.9299999999999937,0.18529169649248403,,0.0,9.0,2.0,,
2021-03-08,245631.74772279745,2.0969841834457736,0.9636341237145514,0.9982769134488672,16.70355078447564,9.0,2.0,,
2021-03-09,198801.7128769026,2.4516432663925922,0.996221739039863,0.9987772917757939,4.228184501417906,40.0,4.0,,
2021-03-10,99000.98372609843,2.4822226723460012,0.9979032024499697,0.9993071161232335,0.0014815500717625817,9.0,4.0,,
2021-03-11,98874.22216829819,2.358012570873731,0.9732683274884194,0.9995419403672213,0.04572625797516602,9.0,4.0,,
2021-03-12,99006.11823093353,2.4830870712405977,0.9984865519489996,0.9999801631238598,0.033259741891479545,9.0,4.0,,
2021-03-15,138966.08319530805,1.691393195579804,0.8914020241383882,0.986599831656638,8.519074642265606,9.0,100.0,,
2021-03-16,248352.83814021913,2.0418575871362825,0.9960252249696345,0.9934040415606002,16.96238369917283,9.0,2.0,,
2021-03-17,287532.398930506,2.2940573637660067,0.9986922898528355,0.9980442093132159,19.41335247002176,40.0,4.0,,
2021-03-18,321806.94921002374,2.3371397650330596,0.9987738012960826,0.9981084064557367,14.681023207361537,40.0,3.0,,
2021-03-19,356835.01504289435,2.2610698496906987,0.999022930676639,0.9983675050685994,9.504851004851005,40.0,2.0,,
2021-03-20,249363.40738272315,2.3078900013623898,0.9991089737950127,0.9987017629363997,24.470001060300824,20.0,53.0,,
2021-03-21,113932.32453543825,1.5342797237295576,0.999295495833443,0.9689774647745337,7.0951323795428385,13.0,1.0,,
2021-03-22,206910.0914524162,1.9500912639647483,0.997997821521789,0.951652779369627,19.191062054112262,9.0,2.0,,
2021-03-23,232538.35583077723,2.014840210659775,0.993606985613629,0.9954865474964244,15.214491579373806,9.0,1.0,,
2021-03-24,287240.01797536924,2.354644427982294,0.995969913017953,0.997190131115571,19.422380665771563,40.0,4.0,,
2021-03-25,323164.9646742905,2.3360626649396385,0.9968700030427357,0.9975925420273409,13.850525487291078,40.0,3.0,,
2021-03-26,338094.7598879539,2.2797737085189174,0.997471261396727,0.9976677054324007,8.344078802680773,40.0,2.0,,
2021-03-27,427383.0,2.373132704437427,0.997897820489752,0.9976432318446802,0.0,40.0,3.0,,
2021-03-28,427383.0,2.4226660304863628,0.9982225985559752,0.9980376085479717,0.0,40.0,3.0,,
2021-03-29,311551.8841357274,2.14826167823152,0.9983698006332236,0.9982437854171973,8.727079755771799,40.0,3.0,,
2021-03-30,170881.5800710573,1.685140469767774,0.965334113639116,0.9991429059615391,9.052273175866834,9.0,1.0,,
2021-03-31,291880.218129975,2.3401881608661737,0.9994187367525988,0.9970949600111707,18.874123797077342,20.0,52.0,,
2021-04-01,390141.60748431605,2.2248047318117536,0.9995816000245425,0.9975728576698897,5.500011574877885,40.0,2.0,,
2021-04-02,428052.9637946201,2.204817352656764,0.9997170730214485,0.9982828793573757,0.0,40.0,2.0,,
2021-04-03,402885.6687361145,2.2575559121209627,0.9998010273090561,0.9987989029409123,1.030733152308072,40.0,2.0,,
2021-04-04,242548.33349023658,2.259092593154399,0.9951925864487324,0.9977441320605548,18.721962403960035,20.0,53.0,,
2021-04-05,292481.7391314413,2.236613500625002,0.9982197803645795,0.9979806224118203,14.182392703365897,33.0,1.0,,
2021-04-06,390107.52705533756,2.2146190261258574,0.9988050793250447,0.9970939562624458,5.500457191800641,40.0,2.0,,
2021-04-07,327643.71451721183,2.261771766556335,0.999107763996863,0.9976184101825842,6.875743685904114,40.0,2.0,,
2021-04-08,194024.70705873356,2.3326102528804458,0.9990132349713016,0.9978935678324393,15.630404303048843,9.0,1.0,,
2021-04-09,170901.10391026406,2.404121460150575,0.9979647904347777,0.9990517651287766,10.695423587047436,20.0,52.0,,
2021-04-10,192978.05118529493,2.143918071117744,0.9954964304389096,0.9991264463287098,16.938512825261597,20.0,13.0,,
2021-04-11,97589.0,1.002433925132845,0.9496077178219556,0.9988891787045159,0.0,9.0,1.0,,
2021-04-12,246865.75019458233,2.0758437216884147,0.9538688794884674,0.970156295412645,16.778597220981716,9.0,1.0,,960861952.0
2021-04-13,286496.8543880362,2.3308624441507146,0.9884205861900104,0.9981736169935862,19.418617033590294,40.0,4.0,,
2021-04-14,284986.5130627033,2.3431237050147162,0.9929257633402649,0.997693229369198,18.91539627970506,40.0,3.0,,
2021-04-15,314995.15756552934,2.1928454085182394,0.9946468363383464,0.9978719295793804,10.251672901939031,33.0,1.0,,
2021-04-16,177048.41502354914,2.236709507464346,0.9979842920876076,0.9968475540060596,13.159229397834013,9.0,2.0,,
2021-04-17,207063.06129550678,2.0383130785873247,0.9987445941105945,0.9937427221201717,19.432354894408288,20.0,13.0,,
2021-04-18,97444.0,0.781830218068544,0.970215466425986,0.9987261766637486,0.0,9.0,2.0,,
2021-04-19,183617.5598728836,2.057177802702049,0.9563512489468914,0.997386211071341,14.454921753992416,9.0,2.0,,
2021-04-20,240059.62823510348,2.037939256446551,0.9984296315424822,0.997938123200575,10.197277651743136,40.0,3.0,,1698873079.0
2021-04-21,144602.0888184284,1.753667723574147,0.9949812271474544,0.9986532515617597,7.008684468553819,20.0,13.0,,
2021-04-22,280206.9354979263,2.3613928381238356,0.9991399010439075,0.9962447466029783,20.51272451466103,20.0,53.0,,
2021-04-23,381177.9759831969,2.2161626711104794,0.9996601181103382,0.9983150986168482,6.8822771058158905,40.0,2.0,,
2021-04-24,309235.2463549522,2.391209429641002,0.99979847033613,0.9990185433929414,4.6635383498128595,40.0,2.0,,
2021-04-25,241097.57312079112,2.298186616513572,0.9990955244321816,0.9990991918159614,18.49482800461081,20.0,53.0,,
2021-04-26,169977.4894848128,1.8199821476045035,0.9091722190166528,0.9989809759969777,11.164773806358491,11.0,2.0,,
2021-04-27,159914.2052461858,2.0409797723592584,0.8870126017992856,0.9932783606693533,10.094677271336801,20.0,13.0,,
2021-04-28,155658.04346174301,1.9013346250286696,0.9974751437529173,0.9907813076390737,10.510827444723045,20.0,13.0,,1698873079.0
2021-04-29,224752.91298501228,2.3718574076973864,0.9991123077735456,0.9982407210661599,17.644485351715495,20.0,13.0,,
2021-04-30,253514.98195858096,2.3367631322614506,0.9977524707692786,0.9990364503347726,22.429154255544418,40.0,4.0,,
2021-05-01,271930.74881953606,2.3078120478860273,0.9993290038936236,0.9988310665033497,21.50598578673747,20.0,53.0,,
2021-05-02,427523.0,2.3816617210682454,1.0,1.0,0.0,40.0,4.0,,
2021-05-03,258390.7992937597,2.331601044006795,0.9979490767999784,0.9987561511337671,23.415983921169065,40.0,4.0,,
2021-05-04,199901.4507088078,1.855515996591846,0.9811838924919063,0.9990551482372948,9.911689518940275,40.0,3.0,,
2021-05-05,283630.9361238386,2.348615724831885,0.9993665587727014,0.9976287095010791,20.223956344660813,20.0,52.0,,1698873074.0
2021-05-06,379276.9437749806,2.235897512379754,0.9998407616916266,0.9977461358669396,7.087558909503072,40.0,2.0,,
2021-05-07,318731.1286871145,2.3153841312474053,0.9997556678747461,0.9980154520864745,10.087120099581812,40.0,2.0,,
2021-05-08,427462.0,2.4219731800766398,0.9996279768686646,0.997812465047869,0.0,40.0,3.0,,
2021-05-10,255773.35613118863,2.343712972633996,0.9978095279089043,0.9993052797813383,22.75218995891651,40.0,3.0,,
2021-05-11,322313.4885709382,2.3337506046088743,0.9995916083738001,0.9990380658191388,13.57941052565883,33.0,1.0,960862258.0,
2021-05-12,230920.41210923516,2.374244676432738,0.9993214443975014,0.9977078024826002,18.864988328965644,9.0,4.0,,
2021-05-14,253793.81426591624,2.35926832027598,0.9974887839084788,0.9991613937441949,22.476553440619963,40.0,4.0,,
2021-05-15,272437.09142484824,2.3095545561449398,0.9993413991651091,0.9988005585335927,21.494501477926452,20.0,53.0,,
2021-05-16,427491.0,2.370304449648704,1.0,1.0,0.0,40.0,4.0,,
2021-05-17,172994.5694980992,1.7017981315321604,0.9884971148218922,0.9992093608119326,7.310867591153248,40.0,4.0,960862258.0,
2021-05-18,280978.9397689503,2.354067411017093,0.9992467261287412,0.9972627935355878,20.516183161767078,20.0,52.0,,1698873074.0
2021-05-20,345138.88871986506,2.291849102153327,0.999767584064974,0.9982597444799467,9.826531962035782,40.0,2.0,,
2021-05-21,226792.97948902965,2.2206841444187195,0.9987816511448884,0.9986289241031345,19.80523263582672,9.0,1.0,960862258.0,
2021-05-22,148779.16290170563,2.307774619196196,0.9977096561850173,0.9985742940094449,18.28846796996139,20.0,53.0,,
2021-05-23,147446.4509083717,2.278244426863005,0.9993363408769551,0.9994398023267945,13.29815217698415,9.0,1.0,,
2021-05-24,259816.80800441076,2.2937829393797675,0.9994877394404417,0.9993402683126771,18.849793598733317,11.0,2.0,,
2021-05-25,367834.7943460415,2.262591613356929,0.9997957591915051,0.9983485664385476,8.792053396442702,40.0,1.0,,
2021-05-26,184282.34539887594,2.371695886810661,0.9988411249997122,0.9989499858097345,9.873556468976316,40.0,2.0,,
2021-05-27,174771.52552929855,2.1610147562017588,0.996794405580841,0.9992297123244434,13.728026090675792,20.0,13.0,,
2021-05-29,184018.18288762445,2.309866002844601,0.9792430835917069,0.9984560352473979,20.762859174964436,9.0,1.0,,
2021-05-30,97980.0,2.5355421686746973,0.996152669604118,0.9994077036302609,0.0,9.0,1.0,,
2021-05-31,221160.12488839,2.363319472435127,0.9982518468125386,0.9993961774220836,21.3192811041098,9.0,1.0,,
2021-06-01,305928.23572662834,2.357319709419255,0.9992701172743004,0.9995677338262366,15.359611383432663,33.0,1.0,,
2021-06-02,230565.3988780632,2.3211132434468116,0.9991158218049698,0.9973779063881,23.399337335564084,9.0,3.0,960862258.0,
2021-06-04,97501.51923558755,1.2028442247685511,0.9842952506060809,0.9904239792741026,0.1122702321025898,9.0,5.0,,
2021-06-07,176153.35132779359,1.6124408739616554,0.9895239636775333,0.994080234999745,13.886977744203614,9.0,100.0,960862258.0,
2021-06-08,214049.94935042015,2.1082577413349752,0.9757065162847908,0.9825504081921539,20.292765703270298,9.0,2.0,960862258.0,
2021-06-09,324954.7903101236,2.3728163616918896,0.9992351607470346,0.9987737302300307,12.6313420865019,25.0,1.0,,
2021-06-10,176368.77822730184,2.1160308148751334,0.9886646756196145,0.9962378649468449,10.507771147297799,20.0,53.0,,
2021-06-11,188839.20830993823,1.8707269975346892,0.9862340636964998,0.9958513248772822,15.678148573102556,20.0,52.0,,1698873074.0
2021-06-12,427555.0,2.424868004223904,0.9801415578205855,0.988593141177112,0.0,40.0,3.0,,
2021-06-13,427555.0,2.434270353302638,1.0,1.0,0.0,40.0,3.0,,
2021-06-14,255010.81014780252,2.3463921097479616,0.9973017014567203,0.9992442861116115,22.818390098069347,40.0,3.0,,
2021-06-15,285218.5329557522,2.208812460177468,0.9986710391957696,0.9972162932061742,14.652290265486725,33.0,1.0,,
2021-06-16,217583.90438367875,2.1296565038125888,0.9980686240032941,0.9726283915531793,20.17709841558764,9.0,2.0,,
2021-06-17,212250.52610683488,2.2785574396663817,0.9966397335296079,0.9961150969274192,19.76438451299265,20.0,13.0,,
2021-06-18,235054.7863695585,2.1142867120656264,0.978056053790898,0.9981276461877524,19.15578031188298,29.0,1.0,,
2021-06-19,260311.4201690986,2.306061093685821,0.99886256844566,0.999050458054098,22.319896358925405,29.0,3.0,,
2021-06-20,115941.94117097768,2.279755345970662,0.999211331435021,0.998896217968975,7.45545386626821,11.0,1.0,,
2021-06-21,125217.35066888953,1.605984629773359,0.9856333587213845,0.9998910007516141,4.845464156467288,9.0,1.0,,1698873079.0
2021-06-22,147779.14334665905,1.552498001142533,0.9769367004380483,0.9983542679025741,7.335394060536836,9.0,2.0,960862258.0,
2021-06-23,214701.28355667932,2.2349431099873076,0.9455510327356084,0.998617179521626,13.62873999157185,20.0,52.0,,1698873079.0
2021-06-24,236443.00745809625,2.34992142088246,0.9976881558911285,0.9986289070787154,20.240427495002308,40.0,4.0,,
2021-06-25,98580.95326354327,2.426309135633223,0.9999991665108574,0.99999952006977,0.1521652079400492,9.0,3.0,,
